<?xml version="1.0" encoding="UTF-8"?>
<configuration>

    <!-- Import default Spring Boot logback configuration -->
    <include resource="org/springframework/boot/logging/logback/defaults.xml"/>
    <include resource="org/springframework/boot/logging/logback/console-appender.xml"/>

    <!-- Console appender for all logs -->
    <appender name="CONSOLE" class="ch.qos.logback.core.ConsoleAppender">
        <encoder>
            <pattern>${CONSOLE_LOG_PATTERN}</pattern>
            <charset>UTF-8</charset>
        </encoder>
    </appender>

    <!-- File appender for all logs -->
    <appender name="FILE" class="ch.qos.logback.core.rolling.RollingFileAppender">
        <file>logs/nl-swift.log</file>
        <rollingPolicy class="ch.qos.logback.core.rolling.TimeBasedRollingPolicy">
            <fileNamePattern>logs/nl-swift-%d{yyyy-MM-dd}.%i.log</fileNamePattern>
            <maxHistory>30</maxHistory>
            <timeBasedFileNamingAndTriggeringPolicy class="ch.qos.logback.core.rolling.SizeAndTimeBasedFNATP">
                <maxFileSize>100MB</maxFileSize>
            </timeBasedFileNamingAndTriggeringPolicy>
        </rollingPolicy>
        <encoder>
            <pattern>%d{yyyy-MM-dd HH:mm:ss.SSS} [%thread] %-5level %logger{36} - %msg%n</pattern>
            <charset>UTF-8</charset>
        </encoder>
    </appender>

    <!-- Custom Email Appender for ERROR logs -->
    <appender name="EMAIL_ERROR" class="com.example.demo.EmailErrorAppender">
        <!-- Filter to only process ERROR level logs -->
        <filter class="ch.qos.logback.classic.filter.LevelFilter">
            <level>ERROR</level>
            <onMatch>ACCEPT</onMatch>
            <onMismatch>DENY</onMismatch>
        </filter>
    </appender>

    <!-- Async wrapper for email appender to prevent blocking -->
    <appender name="ASYNC_EMAIL_ERROR" class="ch.qos.logback.classic.AsyncAppender">
        <queueSize>256</queueSize>
        <discardingThreshold>0</discardingThreshold>
        <includeCallerData>true</includeCallerData>
        <appender-ref ref="EMAIL_ERROR"/>
    </appender>

    <!-- Root logger configuration -->
    <root level="INFO">
        <appender-ref ref="CONSOLE"/>
        <appender-ref ref="FILE"/>
        <appender-ref ref="ASYNC_EMAIL_ERROR"/>
    </root>

    <!-- Application specific loggers -->
    <logger name="com.example.demo" level="DEBUG"/>

    <!-- Prevent logging loops -->
    <logger name="com.ykb.cosmos.swift.moneytransfer.external.email" level="INFO" additivity="false">
        <appender-ref ref="CONSOLE"/>
        <appender-ref ref="FILE"/>
    </logger>

    <logger name="com.example.demo.EmailErrorAppender" level="INFO" additivity="false">
        <appender-ref ref="CONSOLE"/>
        <appender-ref ref="FILE"/>
    </logger>

</configuration>